product_id,title,category,brand,price,rating,tags,description,image_url
1,Essence Mascara Lash Princess,beauty,Essence,9.99,2.56,beauty|mascara,The Essence Mascara Lash Princess is a popular mascara known for its volumizing and lengthening effects. Achieve dramatic lashes with this long-lasting and cruelty-free formula.,https://cdn.dummyjson.com/product-images/beauty/essence-mascara-lash-princess/1.webp
2,Eyeshadow Palette with Mirror,beauty,Glamour Beauty,19.99,2.86,beauty|eyeshadow,"The Eyeshadow Palette with Mirror offers a versatile range of eyeshadow shades for creating stunning eye looks. With a built-in mirror, it's convenient for on-the-go makeup application.",https://cdn.dummyjson.com/product-images/beauty/eyeshadow-palette-with-mirror/1.webp
3,Powder Canister,beauty,Velvet Touch,14.99,4.64,beauty|face powder,"The Powder Canister is a finely milled setting powder designed to set makeup and control shine. With a lightweight and translucent formula, it provides a smooth and matte finish.",https://cdn.dummyjson.com/product-images/beauty/powder-canister/1.webp
4,Red Lipstick,beauty,Chic Cosmetics,12.99,4.36,beauty|lipstick,"The Red Lipstick is a classic and bold choice for adding a pop of color to your lips. With a creamy and pigmented formula, it provides a vibrant and long-lasting finish.",https://cdn.dummyjson.com/product-images/beauty/red-lipstick/1.webp
5,Red Nail Polish,beauty,Nail Couture,8.99,4.32,beauty|nail polish,"The Red Nail Polish offers a rich and glossy red hue for vibrant and polished nails. With a quick-drying formula, it provides a salon-quality finish at home.",https://cdn.dummyjson.com/product-images/beauty/red-nail-polish/1.webp
6,Calvin Klein CK One,fragrances,Calvin Klein,49.99,4.37,fragrances|perfumes,"CK One by Calvin Klein is a classic unisex fragrance, known for its fresh and clean scent. It's a versatile fragrance suitable for everyday wear.",https://cdn.dummyjson.com/product-images/fragrances/calvin-klein-ck-one/1.webp
7,Chanel Coco Noir Eau De,fragrances,Chanel,129.99,4.26,fragrances|perfumes,"Coco Noir by Chanel is an elegant and mysterious fragrance, featuring notes of grapefruit, rose, and sandalwood. Perfect for evening occasions.",https://cdn.dummyjson.com/product-images/fragrances/chanel-coco-noir-eau-de/1.webp
8,Dior J'adore,fragrances,Dior,89.99,3.8,fragrances|perfumes,"J'adore by Dior is a luxurious and floral fragrance, known for its blend of ylang-ylang, rose, and jasmine. It embodies femininity and sophistication.",https://cdn.dummyjson.com/product-images/fragrances/dior-j'adore/1.webp
9,Dolce Shine Eau de,fragrances,Dolce & Gabbana,69.99,3.96,fragrances|perfumes,"Dolce Shine by Dolce & Gabbana is a vibrant and fruity fragrance, featuring notes of mango, jasmine, and blonde woods. It's a joyful and youthful scent.",https://cdn.dummyjson.com/product-images/fragrances/dolce-shine-eau-de/1.webp
10,Gucci Bloom Eau de,fragrances,Gucci,79.99,2.74,fragrances|perfumes,"Gucci Bloom by Gucci is a floral and captivating fragrance, with notes of tuberose, jasmine, and Rangoon creeper. It's a modern and romantic scent.",https://cdn.dummyjson.com/product-images/fragrances/gucci-bloom-eau-de/1.webp
11,Annibale Colombo Bed,furniture,Annibale Colombo,1899.99,4.77,furniture|beds,"The Annibale Colombo Bed is a luxurious and elegant bed frame, crafted with high-quality materials for a comfortable and stylish bedroom.",https://cdn.dummyjson.com/product-images/furniture/annibale-colombo-bed/1.webp
12,Annibale Colombo Sofa,furniture,Annibale Colombo,2499.99,3.92,furniture|sofas,"The Annibale Colombo Sofa is a sophisticated and comfortable seating option, featuring exquisite design and premium upholstery for your living room.",https://cdn.dummyjson.com/product-images/furniture/annibale-colombo-sofa/1.webp
13,Bedside Table African Cherry,furniture,Furniture Co.,299.99,2.87,furniture|bedside tables,"The Bedside Table in African Cherry is a stylish and functional addition to your bedroom, providing convenient storage space and a touch of elegance.",https://cdn.dummyjson.com/product-images/furniture/bedside-table-african-cherry/1.webp
14,Knoll Saarinen Executive Conference Chair,furniture,Knoll,499.99,4.88,furniture|office chairs,"The Knoll Saarinen Executive Conference Chair is a modern and ergonomic chair, perfect for your office or conference room with its timeless design.",https://cdn.dummyjson.com/product-images/furniture/knoll-saarinen-executive-conference-chair/1.webp
15,Wooden Bathroom Sink With Mirror,furniture,Bath Trends,799.99,3.59,furniture|bathroom,"The Wooden Bathroom Sink with Mirror is a unique and stylish addition to your bathroom, featuring a wooden sink countertop and a matching mirror.",https://cdn.dummyjson.com/product-images/furniture/wooden-bathroom-sink-with-mirror/1.webp
16,Apple,groceries,,1.99,4.19,fruits,"Fresh and crisp apples, perfect for snacking or incorporating into various recipes.",https://cdn.dummyjson.com/product-images/groceries/apple/1.webp
17,Beef Steak,groceries,,12.99,4.47,meat,"High-quality beef steak, great for grilling or cooking to your preferred level of doneness.",https://cdn.dummyjson.com/product-images/groceries/beef-steak/1.webp
18,Cat Food,groceries,,8.99,3.13,pet supplies|cat food,Nutritious cat food formulated to meet the dietary needs of your feline friend.,https://cdn.dummyjson.com/product-images/groceries/cat-food/1.webp
19,Chicken Meat,groceries,,9.99,3.19,meat,"Fresh and tender chicken meat, suitable for various culinary preparations.",https://cdn.dummyjson.com/product-images/groceries/chicken-meat/1.webp
20,Cooking Oil,groceries,,4.99,4.8,cooking essentials,"Versatile cooking oil suitable for frying, sautéing, and various culinary applications.",https://cdn.dummyjson.com/product-images/groceries/cooking-oil/1.webp
21,Cucumber,groceries,,1.49,4.07,vegetables,"Crisp and hydrating cucumbers, ideal for salads, snacks, or as a refreshing side.",https://cdn.dummyjson.com/product-images/groceries/cucumber/1.webp
22,Dog Food,groceries,,10.99,4.55,pet supplies|dog food,Specially formulated dog food designed to provide essential nutrients for your canine companion.,https://cdn.dummyjson.com/product-images/groceries/dog-food/1.webp
23,Eggs,groceries,,2.99,2.53,dairy,"Fresh eggs, a versatile ingredient for baking, cooking, or breakfast.",https://cdn.dummyjson.com/product-images/groceries/eggs/1.webp
24,Fish Steak,groceries,,14.99,3.78,seafood,"Quality fish steak, suitable for grilling, baking, or pan-searing.",https://cdn.dummyjson.com/product-images/groceries/fish-steak/1.webp
25,Green Bell Pepper,groceries,,1.29,3.25,vegetables,"Fresh and vibrant green bell pepper, perfect for adding color and flavor to your dishes.",https://cdn.dummyjson.com/product-images/groceries/green-bell-pepper/1.webp
26,Green Chili Pepper,groceries,,0.99,3.66,vegetables,"Spicy green chili pepper, ideal for adding heat to your favorite recipes.",https://cdn.dummyjson.com/product-images/groceries/green-chili-pepper/1.webp
27,Honey Jar,groceries,,6.99,3.97,condiments,"Pure and natural honey in a convenient jar, perfect for sweetening beverages or drizzling over food.",https://cdn.dummyjson.com/product-images/groceries/honey-jar/1.webp
28,Ice Cream,groceries,,5.49,3.39,desserts,"Creamy and delicious ice cream, available in various flavors for a delightful treat.",https://cdn.dummyjson.com/product-images/groceries/ice-cream/1.webp
29,Juice,groceries,,3.99,3.94,beverages,"Refreshing fruit juice, packed with vitamins and great for staying hydrated.",https://cdn.dummyjson.com/product-images/groceries/juice/1.webp
30,Kiwi,groceries,,2.49,4.93,fruits,"Nutrient-rich kiwi, perfect for snacking or adding a tropical twist to your dishes.",https://cdn.dummyjson.com/product-images/groceries/kiwi/1.webp
31,Lemon,groceries,,0.79,3.53,fruits,"Zesty and tangy lemons, versatile for cooking, baking, or making refreshing beverages.",https://cdn.dummyjson.com/product-images/groceries/lemon/1.webp
32,Milk,groceries,,3.49,2.61,dairy,"Fresh and nutritious milk, a staple for various recipes and daily consumption.",https://cdn.dummyjson.com/product-images/groceries/milk/1.webp
33,Mulberry,groceries,,4.99,4.95,fruits,"Sweet and juicy mulberries, perfect for snacking or adding to desserts and cereals.",https://cdn.dummyjson.com/product-images/groceries/mulberry/1.webp
34,Nescafe Coffee,groceries,,7.99,4.82,beverages|coffee,"Quality coffee from Nescafe, available in various blends for a rich and satisfying cup.",https://cdn.dummyjson.com/product-images/groceries/nescafe-coffee/1.webp
35,Potatoes,groceries,,2.29,4.81,vegetables,"Versatile and starchy potatoes, great for roasting, mashing, or as a side dish.",https://cdn.dummyjson.com/product-images/groceries/potatoes/1.webp
36,Protein Powder,groceries,,19.99,4.18,health supplements,"Nutrient-packed protein powder, ideal for supplementing your diet with essential proteins.",https://cdn.dummyjson.com/product-images/groceries/protein-powder/1.webp
37,Red Onions,groceries,,1.99,4.2,vegetables,"Flavorful and aromatic red onions, perfect for adding depth to your savory dishes.",https://cdn.dummyjson.com/product-images/groceries/red-onions/1.webp
38,Rice,groceries,,5.99,3.18,grains,"High-quality rice, a staple for various cuisines and a versatile base for many dishes.",https://cdn.dummyjson.com/product-images/groceries/rice/1.webp
39,Soft Drinks,groceries,,1.99,4.75,beverages,"Assorted soft drinks in various flavors, perfect for refreshing beverages.",https://cdn.dummyjson.com/product-images/groceries/soft-drinks/1.webp
40,Strawberry,groceries,,3.99,3.08,fruits,"Sweet and succulent strawberries, great for snacking, desserts, or blending into smoothies.",https://cdn.dummyjson.com/product-images/groceries/strawberry/1.webp
41,Tissue Paper Box,groceries,,2.49,2.69,household essentials,"Convenient tissue paper box for everyday use, providing soft and absorbent tissues.",https://cdn.dummyjson.com/product-images/groceries/tissue-paper-box/1.webp
42,Water,groceries,,0.99,4.96,beverages,"Pure and refreshing bottled water, essential for staying hydrated throughout the day.",https://cdn.dummyjson.com/product-images/groceries/water/1.webp
43,Decoration Swing,home-decoration,,59.99,3.16,home decor|swing,"The Decoration Swing is a charming addition to your home decor. Crafted with intricate details, it adds a touch of elegance and whimsy to any room.",https://cdn.dummyjson.com/product-images/home-decoration/decoration-swing/1.webp
44,Family Tree Photo Frame,home-decoration,,29.99,4.53,home decor|photo frame,"The Family Tree Photo Frame is a sentimental and stylish way to display your cherished family memories. With multiple photo slots, it tells the story of your loved ones.",https://cdn.dummyjson.com/product-images/home-decoration/family-tree-photo-frame/1.webp
45,House Showpiece Plant,home-decoration,,39.99,4.67,home decor|artificial plants,The House Showpiece Plant is an artificial plant that brings a touch of nature to your home without the need for maintenance. It adds greenery and style to any space.,https://cdn.dummyjson.com/product-images/home-decoration/house-showpiece-plant/1.webp
46,Plant Pot,home-decoration,,14.99,3.01,home decor|plant accessories,"The Plant Pot is a stylish container for your favorite plants. With a sleek design, it complements your indoor or outdoor garden, adding a modern touch to your plant display.",https://cdn.dummyjson.com/product-images/home-decoration/plant-pot/1.webp
47,Table Lamp,home-decoration,,49.99,3.55,home decor|lighting,"The Table Lamp is a functional and decorative lighting solution for your living space. With a modern design, it provides both ambient and task lighting, enhancing the atmosphere.",https://cdn.dummyjson.com/product-images/home-decoration/table-lamp/1.webp
48,Bamboo Spatula,kitchen-accessories,,7.99,3.27,kitchen tools|utensils,"The Bamboo Spatula is a versatile kitchen tool made from eco-friendly bamboo. Ideal for flipping, stirring, and serving various dishes.",https://cdn.dummyjson.com/product-images/kitchen-accessories/bamboo-spatula/1.webp
49,Black Aluminium Cup,kitchen-accessories,,5.99,4.46,drinkware|cups,The Black Aluminium Cup is a stylish and durable cup suitable for both hot and cold beverages. Its sleek black design adds a modern touch to your drinkware collection.,https://cdn.dummyjson.com/product-images/kitchen-accessories/black-aluminium-cup/1.webp
50,Black Whisk,kitchen-accessories,,9.99,3.9,kitchen tools|utensils,The Black Whisk is a kitchen essential for whisking and beating ingredients. Its ergonomic handle and sleek design make it a practical and stylish tool.,https://cdn.dummyjson.com/product-images/kitchen-accessories/black-whisk/1.webp
51,Boxed Blender,kitchen-accessories,,39.99,4.56,kitchen appliances|blenders,"The Boxed Blender is a powerful and compact blender perfect for smoothies, shakes, and more. Its convenient design and multiple functions make it a versatile kitchen appliance.",https://cdn.dummyjson.com/product-images/kitchen-accessories/boxed-blender/1.webp
52,Carbon Steel Wok,kitchen-accessories,,29.99,4.05,cookware|woks,"The Carbon Steel Wok is a versatile cooking pan suitable for stir-frying, sautéing, and deep frying. Its sturdy construction ensures even heat distribution for delicious meals.",https://cdn.dummyjson.com/product-images/kitchen-accessories/carbon-steel-wok/1.webp
53,Chopping Board,kitchen-accessories,,12.99,3.7,kitchen tools|cutting boards,"The Chopping Board is an essential kitchen accessory for food preparation. Made from durable material, it provides a safe and hygienic surface for cutting and chopping.",https://cdn.dummyjson.com/product-images/kitchen-accessories/chopping-board/1.webp
54,Citrus Squeezer Yellow,kitchen-accessories,,8.99,4.63,kitchen tools|juicers,The Citrus Squeezer in Yellow is a handy tool for extracting juice from citrus fruits. Its vibrant color adds a cheerful touch to your kitchen gadgets.,https://cdn.dummyjson.com/product-images/kitchen-accessories/citrus-squeezer-yellow/1.webp
55,Egg Slicer,kitchen-accessories,,6.99,3.09,kitchen tools|slicers,"The Egg Slicer is a convenient tool for slicing boiled eggs evenly. It's perfect for salads, sandwiches, and other dishes where sliced eggs are desired.",https://cdn.dummyjson.com/product-images/kitchen-accessories/egg-slicer/1.webp
56,Electric Stove,kitchen-accessories,,49.99,4.11,kitchen appliances|cooktops,The Electric Stove provides a portable and efficient cooking solution. Ideal for small kitchens or as an additional cooking surface for various culinary needs.,https://cdn.dummyjson.com/product-images/kitchen-accessories/electric-stove/1.webp
57,Fine Mesh Strainer,kitchen-accessories,,9.99,3.04,kitchen tools|strainers,The Fine Mesh Strainer is a versatile tool for straining liquids and sifting dry ingredients. Its fine mesh ensures efficient filtering for smooth cooking and baking.,https://cdn.dummyjson.com/product-images/kitchen-accessories/fine-mesh-strainer/1.webp
58,Fork,kitchen-accessories,,3.99,3.11,kitchen tools|utensils,The Fork is a classic utensil for various dining and serving purposes. Its durable and ergonomic design makes it a reliable choice for everyday use.,https://cdn.dummyjson.com/product-images/kitchen-accessories/fork/1.webp
59,Glass,kitchen-accessories,,4.99,4.02,drinkware|glasses,The Glass is a versatile and elegant drinking vessel suitable for a variety of beverages. Its clear design allows you to enjoy the colors and textures of your drinks.,https://cdn.dummyjson.com/product-images/kitchen-accessories/glass/1.webp
60,Grater Black,kitchen-accessories,,10.99,3.21,kitchen tools|graters,"The Grater in Black is a handy kitchen tool for grating cheese, vegetables, and more. Its sleek design and sharp blades make food preparation efficient and easy.",https://cdn.dummyjson.com/product-images/kitchen-accessories/grater-black/1.webp
61,Hand Blender,kitchen-accessories,,34.99,3.86,kitchen appliances|blenders,"The Hand Blender is a versatile kitchen appliance for blending, pureeing, and mixing. Its compact design and powerful motor make it a convenient tool for various recipes.",https://cdn.dummyjson.com/product-images/kitchen-accessories/hand-blender/1.webp
62,Ice Cube Tray,kitchen-accessories,,5.99,4.71,kitchen tools|ice cube trays,The Ice Cube Tray is a practical accessory for making ice cubes in various shapes. Perfect for keeping your drinks cool and adding a fun element to your beverages.,https://cdn.dummyjson.com/product-images/kitchen-accessories/ice-cube-tray/1.webp
63,Kitchen Sieve,kitchen-accessories,,7.99,3.09,kitchen tools|strainers,The Kitchen Sieve is a versatile tool for sifting and straining dry and wet ingredients. Its fine mesh design ensures smooth results in your cooking and baking.,https://cdn.dummyjson.com/product-images/kitchen-accessories/kitchen-sieve/1.webp
64,Knife,kitchen-accessories,,14.99,3.26,kitchen tools|cutlery,"The Knife is an essential kitchen tool for chopping, slicing, and dicing. Its sharp blade and ergonomic handle make it a reliable choice for food preparation.",https://cdn.dummyjson.com/product-images/kitchen-accessories/knife/1.webp
65,Lunch Box,kitchen-accessories,,12.99,4.93,kitchen tools|storage,"The Lunch Box is a convenient and portable container for packing and carrying your meals. With compartments for different foods, it's perfect for on-the-go dining.",https://cdn.dummyjson.com/product-images/kitchen-accessories/lunch-box/1.webp
66,Microwave Oven,kitchen-accessories,,89.99,4.82,kitchen appliances|microwaves,"The Microwave Oven is a versatile kitchen appliance for quick and efficient cooking, reheating, and defrosting. Its compact size makes it suitable for various kitchen setups.",https://cdn.dummyjson.com/product-images/kitchen-accessories/microwave-oven/1.webp
67,Mug Tree Stand,kitchen-accessories,,15.99,2.64,kitchen tools|organization,The Mug Tree Stand is a stylish and space-saving solution for organizing your mugs. Keep your favorite mugs easily accessible and neatly displayed in your kitchen.,https://cdn.dummyjson.com/product-images/kitchen-accessories/mug-tree-stand/1.webp
68,Pan,kitchen-accessories,,24.99,2.79,cookware|pans,"The Pan is a versatile and essential cookware item for frying, sautéing, and cooking various dishes. Its non-stick coating ensures easy food release and cleanup.",https://cdn.dummyjson.com/product-images/kitchen-accessories/pan/1.webp
69,Plate,kitchen-accessories,,3.99,3.65,dinnerware|plates,The Plate is a classic and essential dishware item for serving meals. Its durable and stylish design makes it suitable for everyday use or special occasions.,https://cdn.dummyjson.com/product-images/kitchen-accessories/plate/1.webp
70,Red Tongs,kitchen-accessories,,6.99,4.42,kitchen tools|tongs,The Red Tongs are versatile kitchen tongs suitable for various cooking and serving tasks. Their vibrant color adds a pop of excitement to your kitchen utensils.,https://cdn.dummyjson.com/product-images/kitchen-accessories/red-tongs/1.webp
71,Silver Pot With Glass Cap,kitchen-accessories,,39.99,3.22,cookware|pots,"The Silver Pot with Glass Cap is a stylish and functional cookware item for boiling, simmering, and preparing delicious meals. Its glass cap allows you to monitor cooking progress.",https://cdn.dummyjson.com/product-images/kitchen-accessories/silver-pot-with-glass-cap/1.webp
72,Slotted Turner,kitchen-accessories,,8.99,3.4,kitchen tools|turners,"The Slotted Turner is a kitchen utensil designed for flipping and turning food items. Its slotted design allows excess liquid to drain, making it ideal for frying and sautéing.",https://cdn.dummyjson.com/product-images/kitchen-accessories/slotted-turner/1.webp
73,Spice Rack,kitchen-accessories,,19.99,4.87,kitchen tools|organization,The Spice Rack is a convenient organizer for your spices and seasonings. Keep your kitchen essentials within reach and neatly arranged with this stylish spice rack.,https://cdn.dummyjson.com/product-images/kitchen-accessories/spice-rack/1.webp
74,Spoon,kitchen-accessories,,4.99,4.03,kitchen tools|utensils,"The Spoon is a versatile kitchen utensil for stirring, serving, and tasting. Its ergonomic design and durable construction make it an essential tool for every kitchen.",https://cdn.dummyjson.com/product-images/kitchen-accessories/spoon/1.webp
75,Tray,kitchen-accessories,,16.99,4.62,serveware|trays,"The Tray is a functional and decorative item for serving snacks, appetizers, or drinks. Its stylish design makes it a versatile accessory for entertaining guests.",https://cdn.dummyjson.com/product-images/kitchen-accessories/tray/1.webp
76,Wooden Rolling Pin,kitchen-accessories,,11.99,2.92,kitchen tools|baking,The Wooden Rolling Pin is a classic kitchen tool for rolling out dough for baking. Its smooth surface and sturdy handles make it easy to achieve uniform thickness.,https://cdn.dummyjson.com/product-images/kitchen-accessories/wooden-rolling-pin/1.webp
77,Yellow Peeler,kitchen-accessories,,5.99,4.24,kitchen tools|peelers,The Yellow Peeler is a handy tool for peeling fruits and vegetables with ease. Its bright yellow color adds a cheerful touch to your kitchen gadgets.,https://cdn.dummyjson.com/product-images/kitchen-accessories/yellow-peeler/1.webp
78,Apple MacBook Pro 14 Inch Space Grey,laptops,Apple,1999.99,3.65,laptops|apple,"The MacBook Pro 14 Inch in Space Grey is a powerful and sleek laptop, featuring Apple's M1 Pro chip for exceptional performance and a stunning Retina display.",https://cdn.dummyjson.com/product-images/laptops/apple-macbook-pro-14-inch-space-grey/1.webp
79,Asus Zenbook Pro Dual Screen Laptop,laptops,Asus,1799.99,3.95,laptops,"The Asus Zenbook Pro Dual Screen Laptop is a high-performance device with dual screens, providing productivity and versatility for creative professionals.",https://cdn.dummyjson.com/product-images/laptops/asus-zenbook-pro-dual-screen-laptop/1.webp
80,Huawei Matebook X Pro,laptops,Huawei,1399.99,4.98,laptops,"The Huawei Matebook X Pro is a slim and stylish laptop with a high-resolution touchscreen display, offering a premium experience for users on the go.",https://cdn.dummyjson.com/product-images/laptops/huawei-matebook-x-pro/1.webp
81,Lenovo Yoga 920,laptops,Lenovo,1099.99,2.86,laptops,"The Lenovo Yoga 920 is a 2-in-1 convertible laptop with a flexible hinge, allowing you to use it as a laptop or tablet, offering versatility and portability.",https://cdn.dummyjson.com/product-images/laptops/lenovo-yoga-920/1.webp
82,New DELL XPS 13 9300 Laptop,laptops,Dell,1499.99,2.67,laptops,"The New DELL XPS 13 9300 Laptop is a compact and powerful device, featuring a virtually borderless InfinityEdge display and high-end performance for various tasks.",https://cdn.dummyjson.com/product-images/laptops/new-dell-xps-13-9300-laptop/1.webp
83,Blue & Black Check Shirt,mens-shirts,Fashion Trends,29.99,3.64,clothing|men's shirts,"The Blue & Black Check Shirt is a stylish and comfortable men's shirt featuring a classic check pattern. Made from high-quality fabric, it's suitable for both casual and semi-formal occasions.",https://cdn.dummyjson.com/product-images/mens-shirts/blue-&-black-check-shirt/1.webp
84,Gigabyte Aorus Men Tshirt,mens-shirts,Gigabyte,24.99,3.18,clothing|men's t-shirts,"The Gigabyte Aorus Men Tshirt is a cool and casual shirt for gaming enthusiasts. With the Aorus logo and sleek design, it's perfect for expressing your gaming style.",https://cdn.dummyjson.com/product-images/mens-shirts/gigabyte-aorus-men-tshirt/1.webp
85,Man Plaid Shirt,mens-shirts,Classic Wear,34.99,3.46,clothing|men's shirts,The Man Plaid Shirt is a timeless and versatile men's shirt with a classic plaid pattern. Its comfortable fit and casual style make it a wardrobe essential for various occasions.,https://cdn.dummyjson.com/product-images/mens-shirts/man-plaid-shirt/1.webp
86,Man Short Sleeve Shirt,mens-shirts,Casual Comfort,19.99,2.9,clothing|men's shirts,"The Man Short Sleeve Shirt is a breezy and stylish option for warm days. With a comfortable fit and short sleeves, it's perfect for a laid-back yet polished look.",https://cdn.dummyjson.com/product-images/mens-shirts/man-short-sleeve-shirt/1.webp
87,Men Check Shirt,mens-shirts,Urban Chic,27.99,2.72,clothing|men's shirts,"The Men Check Shirt is a classic and versatile shirt featuring a stylish check pattern. Suitable for various occasions, it adds a smart and polished touch to your wardrobe.",https://cdn.dummyjson.com/product-images/mens-shirts/men-check-shirt/1.webp
88,Nike Air Jordan 1 Red And Black,mens-shoes,Nike,149.99,4.77,footwear|athletic shoes,"The Nike Air Jordan 1 in Red and Black is an iconic basketball sneaker known for its stylish design and high-performance features, making it a favorite among sneaker enthusiasts and athletes.",https://cdn.dummyjson.com/product-images/mens-shoes/nike-air-jordan-1-red-and-black/1.webp
89,Nike Baseball Cleats,mens-shoes,Nike,79.99,3.88,footwear|sports cleats,Nike Baseball Cleats are designed for maximum traction and performance on the baseball field. They provide stability and support for players during games and practices.,https://cdn.dummyjson.com/product-images/mens-shoes/nike-baseball-cleats/1.webp
90,Puma Future Rider Trainers,mens-shoes,Puma,89.99,4.9,footwear|casual shoes,"The Puma Future Rider Trainers offer a blend of retro style and modern comfort. Perfect for casual wear, these trainers provide a fashionable and comfortable option for everyday use.",https://cdn.dummyjson.com/product-images/mens-shoes/puma-future-rider-trainers/1.webp
91,Sports Sneakers Off White & Red,mens-shoes,Off White,119.99,4.77,footwear|athletic shoes,"The Sports Sneakers in Off White and Red combine style and functionality, making them a fashionable choice for sports enthusiasts. The red and off-white color combination adds a bold and energetic touch.",https://cdn.dummyjson.com/product-images/mens-shoes/sports-sneakers-off-white-&-red/1.webp
92,Sports Sneakers Off White Red,mens-shoes,Off White,109.99,4.69,footwear|casual shoes,"Another variant of the Sports Sneakers in Off White Red, featuring a unique design. These sneakers offer style and comfort for casual occasions.",https://cdn.dummyjson.com/product-images/mens-shoes/sports-sneakers-off-white-red/1.webp
93,Brown Leather Belt Watch,mens-watches,Fashion Timepieces,89.99,4.19,watches|leather watches,"The Brown Leather Belt Watch is a stylish timepiece with a classic design. Featuring a genuine leather strap and a sleek dial, it adds a touch of sophistication to your look.",https://cdn.dummyjson.com/product-images/mens-watches/brown-leather-belt-watch/1.webp
94,Longines Master Collection,mens-watches,Longines,1499.99,3.87,watches|luxury watches,"The Longines Master Collection is an elegant and refined watch known for its precision and craftsmanship. With a timeless design, it's a symbol of luxury and sophistication.",https://cdn.dummyjson.com/product-images/mens-watches/longines-master-collection/1.webp
95,Rolex Cellini Date Black Dial,mens-watches,Rolex,8999.99,4.97,watches|luxury watches,"The Rolex Cellini Date with Black Dial is a classic and prestigious watch. With a black dial and date complication, it exudes sophistication and is a symbol of Rolex's heritage.",https://cdn.dummyjson.com/product-images/mens-watches/rolex-cellini-date-black-dial/1.webp
96,Rolex Cellini Moonphase,mens-watches,Rolex,12999.99,2.58,watches|luxury watches,"The Rolex Cellini Moonphase is a masterpiece of horology, featuring a moon phase complication and exquisite design. It reflects Rolex's commitment to precision and elegance.",https://cdn.dummyjson.com/product-images/mens-watches/rolex-cellini-moonphase/1.webp
97,Rolex Datejust,mens-watches,Rolex,10999.99,3.66,watches|luxury watches,"The Rolex Datejust is an iconic and versatile timepiece with a date window. Known for its timeless design and reliability, it's a symbol of Rolex's watchmaking excellence.",https://cdn.dummyjson.com/product-images/mens-watches/rolex-datejust/1.webp
98,Rolex Submariner Watch,mens-watches,Rolex,13999.99,2.69,watches|luxury watches,"The Rolex Submariner is a legendary dive watch with a rich history. Known for its durability and water resistance, it's a symbol of adventure and exploration.",https://cdn.dummyjson.com/product-images/mens-watches/rolex-submariner-watch/1.webp
99,Amazon Echo Plus,mobile-accessories,Amazon,99.99,4.99,electronics|smart speakers,The Amazon Echo Plus is a smart speaker with built-in Alexa voice control. It features premium sound quality and serves as a hub for controlling smart home devices.,https://cdn.dummyjson.com/product-images/mobile-accessories/amazon-echo-plus/1.webp
100,Apple Airpods,mobile-accessories,Apple,129.99,4.15,electronics|wireless earphones,"The Apple Airpods offer a seamless wireless audio experience. With easy pairing, high-quality sound, and Siri integration, they are perfect for on-the-go listening.",https://cdn.dummyjson.com/product-images/mobile-accessories/apple-airpods/1.webp
101,Apple AirPods Max Silver,mobile-accessories,Apple,549.99,3.47,electronics|over-ear headphones,"The Apple AirPods Max in Silver are premium over-ear headphones with high-fidelity audio, adaptive EQ, and active noise cancellation. Experience immersive sound in style.",https://cdn.dummyjson.com/product-images/mobile-accessories/apple-airpods-max-silver/1.webp
102,Apple Airpower Wireless Charger,mobile-accessories,Apple,79.99,3.68,electronics|wireless chargers,The Apple AirPower Wireless Charger provides a convenient way to charge your compatible Apple devices wirelessly. Simply place your devices on the charging mat for effortless charging.,https://cdn.dummyjson.com/product-images/mobile-accessories/apple-airpower-wireless-charger/1.webp
103,Apple HomePod Mini Cosmic Grey,mobile-accessories,Apple,99.99,4.62,electronics|smart speakers,The Apple HomePod Mini in Cosmic Grey is a compact smart speaker that delivers impressive audio and integrates seamlessly with the Apple ecosystem for a smart home experience.,https://cdn.dummyjson.com/product-images/mobile-accessories/apple-homepod-mini-cosmic-grey/1.webp
104,Apple iPhone Charger,mobile-accessories,Apple,19.99,4.15,electronics|chargers,The Apple iPhone Charger is a high-quality charger designed for fast and efficient charging of your iPhone. Ensure your device stays powered up and ready to go.,https://cdn.dummyjson.com/product-images/mobile-accessories/apple-iphone-charger/1.webp
105,Apple MagSafe Battery Pack,mobile-accessories,Apple,99.99,3.62,electronics|power banks,The Apple MagSafe Battery Pack is a portable and convenient way to add extra battery life to your MagSafe-compatible iPhone. Attach it magnetically for a secure connection.,https://cdn.dummyjson.com/product-images/mobile-accessories/apple-magsafe-battery-pack/1.webp
106,Apple Watch Series 4 Gold,mobile-accessories,Apple,349.99,2.74,electronics|smartwatches,"The Apple Watch Series 4 in Gold is a stylish and advanced smartwatch with features like heart rate monitoring, fitness tracking, and a beautiful Retina display.",https://cdn.dummyjson.com/product-images/mobile-accessories/apple-watch-series-4-gold/1.webp
107,Beats Flex Wireless Earphones,mobile-accessories,Beats,49.99,4.24,electronics|wireless earphones,"The Beats Flex Wireless Earphones offer a comfortable and versatile audio experience. With magnetic earbuds and up to 12 hours of battery life, they are ideal for everyday use.",https://cdn.dummyjson.com/product-images/mobile-accessories/beats-flex-wireless-earphones/1.webp
108,iPhone 12 Silicone Case with MagSafe Plum,mobile-accessories,Apple,29.99,3.62,electronics|phone accessories,The iPhone 12 Silicone Case with MagSafe in Plum is a stylish and protective case designed for the iPhone 12. It features MagSafe technology for easy attachment of accessories.,https://cdn.dummyjson.com/product-images/mobile-accessories/iphone-12-silicone-case-with-magsafe-plum/1.webp
109,Monopod,mobile-accessories,TechGear,19.99,4.43,electronics|camera accessories,"The Monopod is a versatile camera accessory for stable and adjustable shooting. Perfect for capturing selfies, group photos, and videos with ease.",https://cdn.dummyjson.com/product-images/mobile-accessories/monopod/1.webp
110,Selfie Lamp with iPhone,mobile-accessories,GadgetMaster,14.99,3.55,electronics|selfie accessories,The Selfie Lamp with iPhone is a portable and adjustable LED light designed to enhance your selfies and video calls. Attach it to your iPhone for well-lit photos.,https://cdn.dummyjson.com/product-images/mobile-accessories/selfie-lamp-with-iphone/1.webp
111,Selfie Stick Monopod,mobile-accessories,SnapTech,12.99,3.88,electronics|selfie accessories,The Selfie Stick Monopod is a extendable and foldable device for capturing the perfect selfie or group photo. Compatible with smartphones and cameras.,https://cdn.dummyjson.com/product-images/mobile-accessories/selfie-stick-monopod/1.webp
112,TV Studio Camera Pedestal,mobile-accessories,ProVision,499.99,2.78,electronics|camera accessories,The TV Studio Camera Pedestal is a professional-grade camera support system for smooth and precise camera movements in a studio setting. Ideal for broadcast and production.,https://cdn.dummyjson.com/product-images/mobile-accessories/tv-studio-camera-pedestal/1.webp
113,Generic Motorcycle,motorcycle,Generic Motors,3999.99,4.91,motorcycles,"The Generic Motorcycle is a versatile and reliable bike suitable for various riding preferences. With a balanced design, it provides a comfortable and efficient riding experience.",https://cdn.dummyjson.com/product-images/motorcycle/generic-motorcycle/1.webp
114,Kawasaki Z800,motorcycle,Kawasaki,8999.99,3.98,motorcycles|sportbikes,"The Kawasaki Z800 is a powerful and agile sportbike known for its striking design and performance. It's equipped with advanced features, making it a favorite among motorcycle enthusiasts.",https://cdn.dummyjson.com/product-images/motorcycle/kawasaki-z800/1.webp
115,MotoGP CI.H1,motorcycle,MotoGP,14999.99,2.97,motorcycles|sportbikes,The MotoGP CI.H1 is a high-performance motorcycle inspired by MotoGP racing technology. It offers cutting-edge features and precision engineering for an exhilarating riding experience.,https://cdn.dummyjson.com/product-images/motorcycle/motogp-ci.h1/1.webp
116,Scooter Motorcycle,motorcycle,ScootMaster,2999.99,2.53,motorcycles|scooters,The Scooter Motorcycle is a practical and fuel-efficient bike ideal for urban commuting. It features a step-through design and user-friendly controls for easy maneuverability.,https://cdn.dummyjson.com/product-images/motorcycle/scooter-motorcycle/1.webp
117,Sportbike Motorcycle,motorcycle,SpeedMaster,7499.99,3.94,motorcycles|sportbikes,"The Sportbike Motorcycle is designed for speed and agility, with a sleek and aerodynamic profile. It's suitable for riders looking for a dynamic and thrilling riding experience.",https://cdn.dummyjson.com/product-images/motorcycle/sportbike-motorcycle/1.webp
118,Attitude Super Leaves Hand Soap,skin-care,Attitude,8.99,3.19,personal care|hand soap,"Attitude Super Leaves Hand Soap is a natural and nourishing hand soap enriched with the goodness of super leaves. It cleanses and moisturizes your hands, leaving them feeling fresh and soft.",https://cdn.dummyjson.com/product-images/skin-care/attitude-super-leaves-hand-soap/1.webp
119,Olay Ultra Moisture Shea Butter Body Wash,skin-care,Olay,12.99,4.51,personal care|body wash,Olay Ultra Moisture Shea Butter Body Wash is a luxurious body wash that hydrates and nourishes your skin with the moisturizing power of shea butter. Enjoy a rich lather and silky-smooth skin.,https://cdn.dummyjson.com/product-images/skin-care/olay-ultra-moisture-shea-butter-body-wash/1.webp
120,Vaseline Men Body and Face Lotion,skin-care,Vaseline,9.99,3.16,personal care|body lotion,Vaseline Men Body and Face Lotion is a specially formulated lotion designed to provide long-lasting moisture to men's skin. It absorbs quickly and helps keep the skin hydrated and healthy.,https://cdn.dummyjson.com/product-images/skin-care/vaseline-men-body-and-face-lotion/1.webp
121,iPhone 5s,smartphones,Apple,199.99,2.83,smartphones|apple,"The iPhone 5s is a classic smartphone known for its compact design and advanced features during its release. While it's an older model, it still provides a reliable user experience.",https://cdn.dummyjson.com/product-images/smartphones/iphone-5s/1.webp
122,iPhone 6,smartphones,Apple,299.99,3.41,smartphones|apple,"The iPhone 6 is a stylish and capable smartphone with a larger display and improved performance. It introduced new features and design elements, making it a popular choice in its time.",https://cdn.dummyjson.com/product-images/smartphones/iphone-6/1.webp
123,iPhone 13 Pro,smartphones,Apple,1099.99,4.12,smartphones|apple,"The iPhone 13 Pro is a cutting-edge smartphone with a powerful camera system, high-performance chip, and stunning display. It offers advanced features for users who demand top-notch technology.",https://cdn.dummyjson.com/product-images/smartphones/iphone-13-pro/1.webp
124,iPhone X,smartphones,Apple,899.99,2.51,smartphones|apple,"The iPhone X is a flagship smartphone featuring a bezel-less OLED display, facial recognition technology (Face ID), and impressive performance. It represents a milestone in iPhone design and innovation.",https://cdn.dummyjson.com/product-images/smartphones/iphone-x/1.webp
125,Oppo A57,smartphones,Oppo,249.99,3.94,smartphones|oppo,"The Oppo A57 is a mid-range smartphone known for its sleek design and capable features. It offers a balance of performance and affordability, making it a popular choice.",https://cdn.dummyjson.com/product-images/smartphones/oppo-a57/1.webp
126,Oppo F19 Pro Plus,smartphones,Oppo,399.99,3.51,smartphones|oppo,The Oppo F19 Pro Plus is a feature-rich smartphone with a focus on camera capabilities. It boasts advanced photography features and a powerful performance for a premium user experience.,https://cdn.dummyjson.com/product-images/smartphones/oppo-f19-pro-plus/1.webp
127,Oppo K1,smartphones,Oppo,299.99,4.25,smartphones|oppo,"The Oppo K1 series offers a range of smartphones with various features and specifications. Known for their stylish design and reliable performance, the Oppo K1 series caters to diverse user preferences.",https://cdn.dummyjson.com/product-images/smartphones/oppo-k1/1.webp
128,Realme C35,smartphones,Realme,149.99,4.2,smartphones|realme,The Realme C35 is a budget-friendly smartphone with a focus on providing essential features for everyday use. It offers a reliable performance and user-friendly experience.,https://cdn.dummyjson.com/product-images/smartphones/realme-c35/1.webp
129,Realme X,smartphones,Realme,299.99,3.7,smartphones|realme,The Realme X is a mid-range smartphone known for its sleek design and impressive display. It offers a good balance of performance and camera capabilities for users seeking a quality device.,https://cdn.dummyjson.com/product-images/smartphones/realme-x/1.webp
130,Realme XT,smartphones,Realme,349.99,4.58,smartphones|realme,"The Realme XT is a feature-rich smartphone with a focus on camera technology. It comes equipped with advanced camera sensors, delivering high-quality photos and videos for photography enthusiasts.",https://cdn.dummyjson.com/product-images/smartphones/realme-xt/1.webp
131,Samsung Galaxy S7,smartphones,Samsung,299.99,3.3,smartphones|samsung galaxy,"The Samsung Galaxy S7 is a flagship smartphone known for its sleek design and advanced features. It features a high-resolution display, powerful camera, and robust performance.",https://cdn.dummyjson.com/product-images/smartphones/samsung-galaxy-s7/1.webp
132,Samsung Galaxy S8,smartphones,Samsung,499.99,4.4,smartphones|samsung galaxy,"The Samsung Galaxy S8 is a premium smartphone with an Infinity Display, offering a stunning visual experience. It boasts advanced camera capabilities and cutting-edge technology.",https://cdn.dummyjson.com/product-images/smartphones/samsung-galaxy-s8/1.webp
133,Samsung Galaxy S10,smartphones,Samsung,699.99,3.06,smartphones|samsung galaxy,"The Samsung Galaxy S10 is a flagship device featuring a dynamic AMOLED display, versatile camera system, and powerful performance. It represents innovation and excellence in smartphone technology.",https://cdn.dummyjson.com/product-images/smartphones/samsung-galaxy-s10/1.webp
134,Vivo S1,smartphones,Vivo,249.99,3.5,smartphones|vivo,"The Vivo S1 is a stylish and mid-range smartphone offering a blend of design and performance. It features a vibrant display, capable camera system, and reliable functionality.",https://cdn.dummyjson.com/product-images/smartphones/vivo-s1/1.webp
135,Vivo V9,smartphones,Vivo,299.99,3.6,smartphones|vivo,"The Vivo V9 is a smartphone known for its sleek design and emphasis on capturing high-quality selfies. It features a notch display, dual-camera setup, and a modern design.",https://cdn.dummyjson.com/product-images/smartphones/vivo-v9/1.webp
136,Vivo X21,smartphones,Vivo,499.99,4.26,smartphones|vivo,"The Vivo X21 is a premium smartphone with a focus on cutting-edge technology. It features an in-display fingerprint sensor, a high-resolution display, and advanced camera capabilities.",https://cdn.dummyjson.com/product-images/smartphones/vivo-x21/1.webp
137,American Football,sports-accessories,,19.99,4.91,sports equipment|american football,"The American Football is a classic ball used in American football games. It is designed for throwing and catching, making it an essential piece of equipment for the sport.",https://cdn.dummyjson.com/product-images/sports-accessories/american-football/1.webp
138,Baseball Ball,sports-accessories,,8.99,2.57,sports equipment|baseball,"The Baseball Ball is a standard baseball used in baseball games. It features a durable leather cover and is designed for pitching, hitting, and fielding in the game of baseball.",https://cdn.dummyjson.com/product-images/sports-accessories/baseball-ball/1.webp
139,Baseball Glove,sports-accessories,,24.99,3.96,sports equipment|baseball,"The Baseball Glove is a protective glove worn by baseball players. It is designed to catch and field the baseball, providing players with comfort and control during the game.",https://cdn.dummyjson.com/product-images/sports-accessories/baseball-glove/1.webp
140,Basketball,sports-accessories,,14.99,4.66,sports equipment|basketball,"The Basketball is a standard ball used in basketball games. It is designed for dribbling, shooting, and passing in the game of basketball, suitable for both indoor and outdoor play.",https://cdn.dummyjson.com/product-images/sports-accessories/basketball/1.webp
141,Basketball Rim,sports-accessories,,39.99,4.6,sports equipment|basketball,The Basketball Rim is a sturdy hoop and net assembly mounted on a basketball backboard. It provides a target for shooting and scoring in the game of basketball.,https://cdn.dummyjson.com/product-images/sports-accessories/basketball-rim/1.webp
142,Cricket Ball,sports-accessories,,12.99,3.53,sports equipment|cricket,"The Cricket Ball is a hard leather ball used in the sport of cricket. It is bowled and batted in the game, and its hardness and seam contribute to the dynamics of cricket play.",https://cdn.dummyjson.com/product-images/sports-accessories/cricket-ball/1.webp
143,Cricket Bat,sports-accessories,,29.99,3.17,sports equipment|cricket,The Cricket Bat is an essential piece of cricket equipment used by batsmen to hit the cricket ball. It is made of wood and comes in various sizes and designs.,https://cdn.dummyjson.com/product-images/sports-accessories/cricket-bat/1.webp
144,Cricket Helmet,sports-accessories,,44.99,4.69,sports equipment|cricket,"The Cricket Helmet is a protective headgear worn by cricket players, especially batsmen and wicketkeepers. It provides protection against fast bowling and bouncers.",https://cdn.dummyjson.com/product-images/sports-accessories/cricket-helmet/1.webp
145,Cricket Wicket,sports-accessories,,29.99,4.73,sports equipment|cricket,"The Cricket Wicket is a set of three stumps and two bails, forming a wicket used in the sport of cricket. Batsmen aim to protect the wicket while scoring runs.",https://cdn.dummyjson.com/product-images/sports-accessories/cricket-wicket/1.webp
146,Feather Shuttlecock,sports-accessories,,5.99,2.85,sports equipment|badminton,"The Feather Shuttlecock is used in the sport of badminton. It features natural feathers and is designed for high-speed play, providing stability and accuracy during matches.",https://cdn.dummyjson.com/product-images/sports-accessories/feather-shuttlecock/1.webp
147,Football,sports-accessories,,17.99,3.28,sports equipment|football,"The Football, also known as a soccer ball, is the standard ball used in the sport of football (soccer). It is designed for kicking and passing in the game.",https://cdn.dummyjson.com/product-images/sports-accessories/football/1.webp
148,Golf Ball,sports-accessories,,9.99,4.3,sports equipment|golf,"The Golf Ball is a small ball used in the sport of golf. It features dimples on its surface, providing aerodynamic lift and distance when struck by a golf club.",https://cdn.dummyjson.com/product-images/sports-accessories/golf-ball/1.webp
149,Iron Golf,sports-accessories,,49.99,4.41,sports equipment|golf,"The Iron Golf is a type of golf club designed for various golf shots. It features a solid metal head and is used for approach shots, chipping, and other golfing techniques.",https://cdn.dummyjson.com/product-images/sports-accessories/iron-golf/1.webp
150,Metal Baseball Bat,sports-accessories,,29.99,4.66,sports equipment|baseball,The Metal Baseball Bat is a durable and lightweight baseball bat made from metal alloys. It is commonly used in baseball games for hitting and batting practice.,https://cdn.dummyjson.com/product-images/sports-accessories/metal-baseball-bat/1.webp
151,Tennis Ball,sports-accessories,,6.99,4.06,sports equipment|tennis,The Tennis Ball is a standard ball used in the sport of tennis. It is designed for bouncing and hitting with tennis rackets during matches or practice sessions.,https://cdn.dummyjson.com/product-images/sports-accessories/tennis-ball/1.webp
152,Tennis Racket,sports-accessories,,49.99,4.03,sports equipment|tennis,"The Tennis Racket is an essential piece of equipment used in the sport of tennis. It features a frame with strings and a grip, allowing players to hit the tennis ball.",https://cdn.dummyjson.com/product-images/sports-accessories/tennis-racket/1.webp
153,Volleyball,sports-accessories,,11.99,3.84,sports equipment|volleyball,"The Volleyball is a standard ball used in the sport of volleyball. It is designed for passing, setting, and spiking over the net during volleyball matches.",https://cdn.dummyjson.com/product-images/sports-accessories/volleyball/1.webp
154,Black Sun Glasses,sunglasses,Fashion Shades,29.99,4.41,eyewear|sunglasses,"The Black Sun Glasses are a classic and stylish choice, featuring a sleek black frame and tinted lenses. They provide both UV protection and a fashionable look.",https://cdn.dummyjson.com/product-images/sunglasses/black-sun-glasses/1.webp
155,Classic Sun Glasses,sunglasses,Fashion Shades,24.99,3.86,eyewear|sunglasses,The Classic Sun Glasses offer a timeless design with a neutral frame and UV-protected lenses. These sunglasses are versatile and suitable for various occasions.,https://cdn.dummyjson.com/product-images/sunglasses/classic-sun-glasses/1.webp
156,Green and Black Glasses,sunglasses,Fashion Shades,34.99,4.55,eyewear|sunglasses,"The Green and Black Glasses feature a bold combination of green and black colors, adding a touch of vibrancy to your eyewear collection. They are both stylish and eye-catching.",https://cdn.dummyjson.com/product-images/sunglasses/green-and-black-glasses/1.webp
157,Party Glasses,sunglasses,Fashion Fun,19.99,2.79,eyewear|party glasses,"The Party Glasses are designed to add flair to your party outfit. With unique shapes or colorful frames, they're perfect for adding a playful touch to your look during celebrations.",https://cdn.dummyjson.com/product-images/sunglasses/party-glasses/1.webp
158,Sunglasses,sunglasses,Fashion Shades,22.99,3.02,eyewear|sunglasses,The Sunglasses offer a classic and simple design with a focus on functionality. These sunglasses provide essential UV protection while maintaining a timeless look.,https://cdn.dummyjson.com/product-images/sunglasses/sunglasses/1.webp
159,iPad Mini 2021 Starlight,tablets,Apple,499.99,3.18,electronics|tablets,"The iPad Mini 2021 in Starlight is a compact and powerful tablet from Apple. Featuring a stunning Retina display, powerful A-series chip, and a sleek design, it offers a premium tablet experience.",https://cdn.dummyjson.com/product-images/tablets/ipad-mini-2021-starlight/1.webp
160,Samsung Galaxy Tab S8 Plus Grey,tablets,Samsung,599.99,4.68,electronics|tablets,"The Samsung Galaxy Tab S8 Plus in Grey is a high-performance Android tablet by Samsung. With a large AMOLED display, powerful processor, and S Pen support, it's ideal for productivity and entertainment.",https://cdn.dummyjson.com/product-images/tablets/samsung-galaxy-tab-s8-plus-grey/1.webp
161,Samsung Galaxy Tab White,tablets,Samsung,349.99,3.72,electronics|tablets,"The Samsung Galaxy Tab in White is a sleek and versatile Android tablet. With a vibrant display, long-lasting battery, and a range of features, it offers a great user experience for various tasks.",https://cdn.dummyjson.com/product-images/tablets/samsung-galaxy-tab-white/1.webp
162,Blue Frock,tops,,29.99,4.17,clothing|dresses,"The Blue Frock is a charming and stylish dress for various occasions. With a vibrant blue color and a comfortable design, it adds a touch of elegance to your wardrobe.",https://cdn.dummyjson.com/product-images/tops/blue-frock/1.webp
163,Girl Summer Dress,tops,,19.99,4.77,clothing|girls' dresses,"The Girl Summer Dress is a cute and breezy dress designed for warm weather. With playful patterns and lightweight fabric, it's perfect for keeping cool and stylish during the summer.",https://cdn.dummyjson.com/product-images/tops/girl-summer-dress/1.webp
164,Gray Dress,tops,,34.99,2.72,clothing|dresses,"The Gray Dress is a versatile and chic option for various occasions. With a neutral gray color, it can be dressed up or down, making it a wardrobe staple for any fashion-forward individual.",https://cdn.dummyjson.com/product-images/tops/gray-dress/1.webp
165,Short Frock,tops,,24.99,3.23,clothing|dresses,"The Short Frock is a playful and trendy dress with a shorter length. Ideal for casual outings or special occasions, it combines style and comfort for a fashionable look.",https://cdn.dummyjson.com/product-images/tops/short-frock/1.webp
166,Tartan Dress,tops,,39.99,4.05,clothing|dresses,"The Tartan Dress features a classic tartan pattern, bringing a timeless and sophisticated touch to your wardrobe. Perfect for fall and winter, it adds a hint of traditional charm.",https://cdn.dummyjson.com/product-images/tops/tartan-dress/1.webp
167,300 Touring,vehicle,Chrysler,28999.99,4.05,sedans|vehicles,"The 300 Touring is a stylish and comfortable sedan, known for its luxurious features and smooth performance.",https://cdn.dummyjson.com/product-images/vehicle/300-touring/1.webp
168,Charger SXT RWD,vehicle,Dodge,32999.99,2.58,sedans|sports cars|vehicles,"The Charger SXT RWD is a powerful and sporty rear-wheel-drive sedan, offering a blend of performance and practicality.",https://cdn.dummyjson.com/product-images/vehicle/charger-sxt-rwd/1.webp
169,Dodge Hornet GT Plus,vehicle,Dodge,24999.99,2.65,hatchbacks|compact cars|vehicles,"The Dodge Hornet GT Plus is a compact and agile hatchback, perfect for urban driving with a touch of sportiness.",https://cdn.dummyjson.com/product-images/vehicle/dodge-hornet-gt-plus/1.webp
170,Durango SXT RWD,vehicle,Dodge,36999.99,4.07,suvs|vehicles,"The Durango SXT RWD is a spacious and versatile SUV, known for its strong performance and family-friendly features.",https://cdn.dummyjson.com/product-images/vehicle/durango-sxt-rwd/1.webp
171,Pacifica Touring,vehicle,Chrysler,31999.99,3.62,minivans|vehicles,"The Pacifica Touring is a stylish and well-equipped minivan, offering comfort and convenience for family journeys.",https://cdn.dummyjson.com/product-images/vehicle/pacifica-touring/1.webp
172,Blue Women's Handbag,womens-bags,Fashionista,49.99,2.92,fashion accessories|handbags,"The Blue Women's Handbag is a stylish and spacious accessory for everyday use. With a vibrant blue color and multiple compartments, it combines fashion and functionality.",https://cdn.dummyjson.com/product-images/womens-bags/blue-women's-handbag/1.webp
173,Heshe Women's Leather Bag,womens-bags,Heshe,129.99,4.92,fashion accessories|leather bags,"The Heshe Women's Leather Bag is a luxurious and high-quality leather bag for the sophisticated woman. With a timeless design and durable craftsmanship, it's a versatile accessory.",https://cdn.dummyjson.com/product-images/womens-bags/heshe-women's-leather-bag/1.webp
174,Prada Women Bag,womens-bags,Prada,599.99,2.71,fashion accessories|designer bags,"The Prada Women Bag is an iconic designer bag that exudes elegance and luxury. Crafted with precision and featuring the Prada logo, it's a statement piece for fashion enthusiasts.",https://cdn.dummyjson.com/product-images/womens-bags/prada-women-bag/1.webp
175,White Faux Leather Backpack,womens-bags,Urban Chic,39.99,3.36,fashion accessories|backpacks,"The White Faux Leather Backpack is a trendy and practical backpack for the modern woman. With a sleek white design and ample storage space, it's perfect for both casual and on-the-go styles.",https://cdn.dummyjson.com/product-images/womens-bags/white-faux-leather-backpack/1.webp
176,Women Handbag Black,womens-bags,Elegance Collection,59.99,2.89,fashion accessories|handbags,"The Women Handbag in Black is a classic and versatile accessory that complements various outfits. With a timeless black color and functional design, it's a must-have in every woman's wardrobe.",https://cdn.dummyjson.com/product-images/womens-bags/women-handbag-black/1.webp
177,Black Women's Gown,womens-dresses,,129.99,3.64,clothing|gowns,"The Black Women's Gown is an elegant and timeless evening gown. With a sleek black design, it's perfect for formal events and special occasions, exuding sophistication and style.",https://cdn.dummyjson.com/product-images/womens-dresses/black-women's-gown/1.webp
178,Corset Leather With Skirt,womens-dresses,,89.99,3.05,clothing|corsets|skirts,"The Corset Leather With Skirt is a bold and edgy ensemble that combines a stylish corset with a matching skirt. Ideal for fashion-forward individuals, it makes a statement at any event.",https://cdn.dummyjson.com/product-images/womens-dresses/corset-leather-with-skirt/1.webp
179,Corset With Black Skirt,womens-dresses,,79.99,4.52,clothing|corsets|skirts,The Corset With Black Skirt is a chic and versatile outfit that pairs a fashionable corset with a classic black skirt. It offers a trendy and coordinated look for various occasions.,https://cdn.dummyjson.com/product-images/womens-dresses/corset-with-black-skirt/1.webp
180,Dress Pea,womens-dresses,,49.99,4.88,clothing|dresses,"The Dress Pea is a stylish and comfortable dress with a pea pattern. Perfect for casual outings, it adds a playful and fun element to your wardrobe, making it a great choice for day-to-day wear.",https://cdn.dummyjson.com/product-images/womens-dresses/dress-pea/1.webp
181,Marni Red & Black Suit,womens-dresses,,179.99,4.48,clothing|suits,"The Marni Red & Black Suit is a sophisticated and fashion-forward suit ensemble. With a combination of red and black tones, it showcases a modern design for a bold and confident look.",https://cdn.dummyjson.com/product-images/womens-dresses/marni-red-&-black-suit/1.webp
182,Green Crystal Earring,womens-jewellery,,29.99,3.96,fashion accessories|earrings,"The Green Crystal Earring is a dazzling accessory that features a vibrant green crystal. With a classic design, it adds a touch of elegance to your ensemble, perfect for formal or special occasions.",https://cdn.dummyjson.com/product-images/womens-jewellery/green-crystal-earring/1.webp
183,Green Oval Earring,womens-jewellery,,24.99,3.57,fashion accessories|earrings,"The Green Oval Earring is a stylish and versatile accessory with a unique oval shape. Whether for casual or dressy occasions, its green hue and contemporary design make it a standout piece.",https://cdn.dummyjson.com/product-images/womens-jewellery/green-oval-earring/1.webp
184,Tropical Earring,womens-jewellery,,19.99,4.4,fashion accessories|earrings,"The Tropical Earring is a fun and playful accessory inspired by tropical elements. Featuring vibrant colors and a lively design, it's perfect for adding a touch of summer to your look.",https://cdn.dummyjson.com/product-images/womens-jewellery/tropical-earring/1.webp
185,Black & Brown Slipper,womens-shoes,Comfort Trends,19.99,2.53,footwear|slippers,"The Black & Brown Slipper is a comfortable and stylish choice for casual wear. Featuring a blend of black and brown colors, it adds a touch of sophistication to your relaxation.",https://cdn.dummyjson.com/product-images/womens-shoes/black-&-brown-slipper/1.webp
186,Calvin Klein Heel Shoes,womens-shoes,Calvin Klein,79.99,4.92,footwear|heel shoes,"Calvin Klein Heel Shoes are elegant and sophisticated, designed for formal occasions. With a classic design and high-quality materials, they complement your stylish ensemble.",https://cdn.dummyjson.com/product-images/womens-shoes/calvin-klein-heel-shoes/1.webp
187,Golden Shoes Woman,womens-shoes,Fashion Diva,49.99,3.26,footwear|women's shoes,"The Golden Shoes for Women are a glamorous choice for special occasions. Featuring a golden hue and stylish design, they add a touch of luxury to your outfit.",https://cdn.dummyjson.com/product-images/womens-shoes/golden-shoes-woman/1.webp
188,Pampi Shoes,womens-shoes,Pampi,29.99,3.05,footwear|casual shoes,"Pampi Shoes offer a blend of comfort and style for everyday use. With a versatile design, they are suitable for various casual occasions, providing a trendy and relaxed look.",https://cdn.dummyjson.com/product-images/womens-shoes/pampi-shoes/1.webp
189,Red Shoes,womens-shoes,Fashion Express,34.99,3.25,footwear|women's shoes,"The Red Shoes make a bold statement with their vibrant red color. Whether for a party or a casual outing, these shoes add a pop of color and style to your wardrobe.",https://cdn.dummyjson.com/product-images/womens-shoes/red-shoes/1.webp
190,IWC Ingenieur Automatic Steel,womens-watches,IWC,4999.99,2.93,watches|luxury watches,"The IWC Ingenieur Automatic Steel watch is a durable and sophisticated timepiece. With a stainless steel case and automatic movement, it combines precision and style for watch enthusiasts.",https://cdn.dummyjson.com/product-images/womens-watches/iwc-ingenieur-automatic-steel/1.webp
191,Rolex Cellini Moonphase,womens-watches,Rolex,15999.99,3.83,watches|luxury watches,"The Rolex Cellini Moonphase watch is a masterpiece of horology. Featuring a moon phase complication, it showcases the craftsmanship and elegance that Rolex is renowned for.",https://cdn.dummyjson.com/product-images/womens-watches/rolex-cellini-moonphase/1.webp
192,Rolex Datejust Women,womens-watches,Rolex,10999.99,2.86,watches|luxury watches|women's watches,"The Rolex Datejust Women's watch is an iconic timepiece designed for women. With a timeless design and a date complication, it offers both elegance and functionality.",https://cdn.dummyjson.com/product-images/womens-watches/rolex-datejust-women/1.webp
193,Watch Gold for Women,womens-watches,Fashion Gold,799.99,4.24,watches|women's watches,"The Gold Women's Watch is a stunning accessory that combines luxury and style. Featuring a gold-plated case and a chic design, it adds a touch of glamour to any outfit.",https://cdn.dummyjson.com/product-images/womens-watches/watch-gold-for-women/1.webp
194,Women's Wrist Watch,womens-watches,Fashion Co.,129.99,3.52,watches|women's watches,"The Women's Wrist Watch is a versatile and fashionable timepiece for everyday wear. With a comfortable strap and a simple yet elegant design, it complements various styles.",https://cdn.dummyjson.com/product-images/womens-watches/women's-wrist-watch/1.webp
